Symbol,Series,Date,Prev Close,Open Price,High Price,Low Price,Last Price,Close Price,Average Price,Total Traded Quantity,Turnover,No. of Trades,Deliverable Qty,% Dly Qt to Traded Qty
BHARTIARTL,EQ,17-08-2020,528.6,530.55,532.5,518.1,520.85,521.4,523.23,19014347,9948885553,211145,6393700,33.63
BHARTIARTL,EQ,18-08-2020,521.4,522.05,529.1,520.15,527.85,526.3,524.33,13517889,7087860486,162875,4610638,34.11
BHARTIARTL,EQ,19-08-2020,526.3,529,539.9,527.1,536,535.85,533.14,17075491,9103643890,162156,6909210,40.46
BHARTIARTL,EQ,20-08-2020,535.85,531,533.6,522.7,526,525.55,527.19,13440102,7085518554,117408,5901272,43.91
BHARTIARTL,EQ,21-08-2020,525.55,529.8,529.8,516,519,520.25,521.89,21835588,11395853838,205334,8336609,38.18
BHARTIARTL,EQ,24-08-2020,520.25,517.9,532.4,508.2,531,526.9,517.35,29166922,15089520439,235265,10585579,36.29
BHARTIARTL,EQ,25-08-2020,526.9,534.5,535.65,526,528.65,528.65,529.75,19516042,10338649073,180901,9422842,48.28
BHARTIARTL,EQ,26-08-2020,528.65,528.4,528.4,512,513.5,514.5,516.39,25906518,13377981404,236897,11768458,45.43
BHARTIARTL,EQ,27-08-2020,514.5,514.4,518.5,508,512.5,511.15,512.97,21871778,11219593852,166733,8932803,40.84
BHARTIARTL,EQ,28-08-2020,511.15,512.1,529.55,512.1,522.5,523.45,523.32,21808591,11412882809,231362,7563579,34.68
BHARTIARTL,EQ,31-08-2020,523.45,518.5,522.3,508.55,512.45,513.1,513.53,186856499,95956407296,506006,122919948,65.78
BHARTIARTL,EQ,01-09-2020,513.1,517.5,555.45,514.2,549.5,546.25,539.51,74337280,40105838217,573200,16430348,22.1
BHARTIARTL,EQ,02-09-2020,546.25,550,559,545.1,550.45,550.55,551.97,35023081,19331827446,298159,11171665,31.9
BHARTIARTL,EQ,03-09-2020,550.55,550.55,552.9,535.65,539.6,538,542.19,24622381,13350029336,211388,11018488,44.75
BHARTIARTL,EQ,04-09-2020,538,531.5,538,519.5,523.65,523.15,529.21,28083439,14862027360,181825,15664347,55.78
BHARTIARTL,EQ,07-09-2020,523.15,525,528,510.3,515,515.45,516.98,16147428,8347886616,192361,5897661,36.52
BHARTIARTL,EQ,08-09-2020,515.45,516,516.85,494,495.9,498.1,506.16,33123745,16765833252,275453,15052714,45.44
BHARTIARTL,EQ,09-09-2020,498.1,493.25,506.65,491.1,503.75,504.25,500.29,31478272,15748241560,198922,14935539,47.45
BHARTIARTL,EQ,10-09-2020,504.25,508,508,491.2,498.2,497.35,500.84,21005767,10520625168,251922,8923960,42.48
BHARTIARTL,EQ,11-09-2020,497.35,499.3,502.45,488.55,491.5,491.65,494.01,15597700,7705393910,301695,5941340,38.09
BHARTIARTL,EQ,14-09-2020,491.65,496,497.25,468.3,473,474.1,479.62,52056004,24966969809,589731,22336706,42.91
BHARTIARTL,EQ,15-09-2020,474.1,475.15,487.65,470.05,485.05,485.55,479.95,30857464,14810152928,286885,11337910,36.74
BHARTIARTL,EQ,16-09-2020,485.55,487,490.7,480.55,481.55,481.75,484.56,13133556,6364030285,166056,4611581,35.11
BHARTIARTL,EQ,17-09-2020,481.75,480,482.35,474,479.6,479,477.99,13497203,6451564954,167290,4931251,36.54
BHARTIARTL,EQ,18-09-2020,479,483,497.65,475.3,496.85,494.55,491.26,54801702,26921750332,246800,29937207,54.63
BHARTIARTL,EQ,21-09-2020,494.55,496,496,461.25,467.55,467.75,476.35,22737775,10831174039,217444,7776184,34.2
BHARTIARTL,EQ,22-09-2020,467.75,468.5,478.5,461,471.25,470.95,471.5,18600835,8770254401,230512,5982788,32.16
BHARTIARTL,EQ,23-09-2020,470.95,467,467,423.9,432.5,433.8,440.92,85211349,37571011349,646407,35478570,41.64
BHARTIARTL,EQ,24-09-2020,433.8,425.25,433.5,416.15,419.95,419.3,426.62,35786844,15267370542,710725,12395970,34.64
BHARTIARTL,EQ,25-09-2020,419.3,425,444.95,422.15,440,439.65,436.52,33602428,14668070250,352633,11809177,35.14
BHARTIARTL,EQ,28-09-2020,439.65,446,447.65,434.05,442.4,443.65,441.88,21053041,9302946431,164974,8199756,38.95
BHARTIARTL,EQ,29-09-2020,443.65,444,444.55,429.5,435.6,435.6,435.44,17852308,7773643271,233149,5906122,33.08
BHARTIARTL,EQ,30-09-2020,435.6,438,440.4,418.15,419.65,420.95,428.87,27176498,11655184705,257236,11186991,41.16
BHARTIARTL,EQ,01-10-2020,420.95,426,434.6,423.65,430.2,432.35,430.14,13344280,5739948115,140573,3957155,29.65
BHARTIARTL,EQ,05-10-2020,432.35,432.35,437.5,423,423.9,424.45,429.59,15001368,6444395585,175396,5145028,34.3
BHARTIARTL,EQ,06-10-2020,424.45,427,430,423.1,427.6,426.75,426.41,10876652,4637894769,169406,4816462,44.28
BHARTIARTL,EQ,07-10-2020,426.75,427.8,431.75,421.1,423.2,422.45,424.9,10202818,4335157786,138523,3272026,32.07
BHARTIARTL,EQ,08-10-2020,422.45,426,435.5,419.1,425.15,424.45,428.17,16705222,7152657254,365775,5682695,34.02
BHARTIARTL,EQ,09-10-2020,424.45,428,435,423.3,425,425.2,427.95,20563361,8800074867,391127,8890403,43.23
BHARTIARTL,EQ,12-10-2020,425.2,428,430.6,411.85,413.25,415.05,420.39,14063002,5912009213,204589,5415573,38.51
BHARTIARTL,EQ,13-10-2020,415.05,421.15,427.5,413.1,416,415.3,420.12,27781773,11671631474,338875,7740013,27.86
BHARTIARTL,EQ,14-10-2020,415.3,416.4,419.5,411.3,412.6,413.25,414.94,14110038,5854855649,161300,5357383,37.97
BHARTIARTL,EQ,15-10-2020,413.25,413.4,415.5,395,398.9,399.2,403.13,27855540,11229315429,284076,10932320,39.25
BHARTIARTL,EQ,16-10-2020,399.2,404.45,407.3,398.35,402.1,401.65,402.24,23347957,9391515816,236506,9809147,42.01
BHARTIARTL,EQ,19-10-2020,401.65,403.55,404.65,394,396.05,397.7,397.86,16921274,6732310242,191546,6060954,35.82
BHARTIARTL,EQ,20-10-2020,397.7,397.7,413.2,396.95,405.65,405,407.13,25909683,10548625038,243025,7365337,28.43
BHARTIARTL,EQ,21-10-2020,405,405.7,420.2,403.55,419.5,419,413.01,23488238,9700833388,207547,5941359,25.3
BHARTIARTL,EQ,22-10-2020,419,419,432.35,418,431,430.65,425.96,26516990,11295181918,259557,9161209,34.55
BHARTIARTL,EQ,23-10-2020,430.65,434.9,437.6,427.3,434,434.4,433.47,18171287,7876624802,200346,6621387,36.44
BHARTIARTL,EQ,26-10-2020,434.4,434.35,439.45,428,433.8,434.05,433.74,11736985,5090850647,133452,3584745,30.54
BHARTIARTL,EQ,27-10-2020,434.05,434.05,438.9,427.5,433.3,433.35,433,12781318,5534346619,117094,3819187,29.88
BHARTIARTL,EQ,28-10-2020,433.35,446,488,442,447.75,451.85,463.51,123585653,57283140202,946705,26584797,21.51
BHARTIARTL,EQ,29-10-2020,451.85,447.7,457.1,445,450,450.8,450.77,25066939,11299443465,240192,7838166,31.27
BHARTIARTL,EQ,30-10-2020,450.8,454.9,454.9,430.5,432.75,433.75,439.21,23051352,10124440585,211345,6426190,27.88
BHARTIARTL,EQ,02-11-2020,433.75,435,460,435,455.55,457.4,451.11,28174600,12709769653,262756,9622899,34.15
BHARTIARTL,EQ,03-11-2020,457.4,458,460.7,447.45,454.9,454.6,454.62,16036760,7290605971,162571,5662537,35.31
BHARTIARTL,EQ,04-11-2020,454.6,453,455.55,447.15,451.5,453.05,451.71,10003680,4518784877,98671,3323113,33.22
BHARTIARTL,EQ,05-11-2020,453.05,457,461.9,452.6,458,457.3,457.5,9234395,4224737993,109959,3414270,36.97
BHARTIARTL,EQ,06-11-2020,457.3,457,460.35,448.75,450.25,449.9,453.18,11970462,5424776152,130841,5122085,42.79
BHARTIARTL,EQ,09-11-2020,449.9,456.3,474.75,452.55,473,471.8,465.43,24493687,11400215667,229825,9179644,37.48
BHARTIARTL,EQ,10-11-2020,471.8,474,474.15,465,467,466.4,468.15,9620279,4503741587,147987,2818260,29.29
BHARTIARTL,EQ,11-11-2020,466.4,467.95,481.35,464.05,477.5,478.6,473.3,15737416,7448580860,172984,3583404,22.77
BHARTIARTL,EQ,12-11-2020,478.6,476.85,483.2,475.05,479,479.85,479.9,14512799,6964693772,123986,7371521,50.79
BHARTIARTL,EQ,13-11-2020,479.85,477,478,470,477.25,475.75,474.37,8272841,3924406132,99267,2870860,34.7
BHARTIARTL,EQ,14-11-2020,475.75,487,487,479,479.9,481.5,482.61,3940508,1901746835,63522,1635737,41.51
BHARTIARTL,EQ,17-11-2020,481.5,490.9,494.95,481.25,484.5,484.55,487.48,18699305,9115487944,211335,8583821,45.9
BHARTIARTL,EQ,18-11-2020,484.55,483.95,485,471.1,477.8,478.4,477.45,10311000,4922943482,140865,4019915,38.99
BHARTIARTL,EQ,19-11-2020,478.4,476,481.45,467,468.4,468.55,473.25,11329235,5361504589,129354,3920784,34.61
BHARTIARTL,EQ,20-11-2020,468.55,470.5,485.95,465.35,483.15,483.7,475.15,11867647,5638941178,132087,3992484,33.64
BHARTIARTL,EQ,23-11-2020,483.7,486.75,486.75,475.1,476.75,477.25,479.21,10005675,4794770650,149571,2732654,27.31
BHARTIARTL,EQ,24-11-2020,477.25,478.4,481.25,471.2,475.5,474.25,475.07,9173967,4358262925,129133,3180607,34.67
BHARTIARTL,EQ,25-11-2020,474.25,476.5,477.9,458.65,464.3,464.1,467.61,14229948,6654006389,208648,5602463,39.37
BHARTIARTL,EQ,26-11-2020,464.1,468.7,469.65,460.1,469,468.4,465.71,11322533,5273040451,133329,3915411,34.58
BHARTIARTL,EQ,27-11-2020,468.4,468.3,472.65,462,465,463.25,465.57,18151096,8450527178,185490,10410609,57.36
BHARTIARTL,EQ,01-12-2020,463.25,467.75,482.5,460.5,479.2,479.45,474.19,18193356,8627059182,199549,6039234,33.19
BHARTIARTL,EQ,02-12-2020,479.45,481,487.9,474.05,484.2,484.9,481.44,20562558,9899563138,189680,7813359,38
BHARTIARTL,EQ,03-12-2020,484.9,487.1,489.15,474,479.9,479.9,480.22,19723853,9471694661,172391,10218376,51.81
BHARTIARTL,EQ,04-12-2020,479.9,486.85,497.8,483.4,494.5,493.75,492.11,31039563,15274968845,284386,7302086,23.53
BHARTIARTL,EQ,07-12-2020,493.75,498,510.5,494.6,509.5,508.95,503.24,22125752,11134639555,205788,7665713,34.65
BHARTIARTL,EQ,08-12-2020,508.95,514,516.25,499.65,502.95,503.6,506.57,19298806,9776155722,171688,6448682,33.41
BHARTIARTL,EQ,09-12-2020,503.6,504.9,506.9,499.1,502.75,503.05,502.84,11608846,5837385008,147016,4165777,35.88
BHARTIARTL,EQ,10-12-2020,503.05,501.5,508.75,494.1,504.7,505.15,501.69,13194186,6619376249,126519,5034510,38.16
BHARTIARTL,EQ,11-12-2020,505.15,508.5,508.5,497.3,505.1,504.4,504.23,13760737,6938611858,137007,4735575,34.41
BHARTIARTL,EQ,14-12-2020,504.4,507,512,501.15,502.7,503.05,504.79,13886923,7009944012,162325,5284910,38.06
BHARTIARTL,EQ,15-12-2020,503.05,505.85,506.8,498.1,504.25,504.2,502.65,13074733,6572013086,146690,4576353,35
BHARTIARTL,EQ,16-12-2020,504.2,504.2,518.8,502.1,518.3,516.2,509.87,17381441,8862339609,164008,6305309,36.28
BHARTIARTL,EQ,17-12-2020,516.2,517,522.5,512,514,515.1,516.61,19654749,10153858362,183941,7095595,36.1
BHARTIARTL,EQ,18-12-2020,515.1,513.9,514.9,505.05,510,510.65,510.29,10797760,5510041413,139048,3776733,34.98
BHARTIARTL,EQ,21-12-2020,510.65,507.5,511.2,480.15,490.8,490.9,496.79,15253094,7577547767,175878,5559934,36.45
BHARTIARTL,EQ,22-12-2020,490.9,494,505,485.55,500.35,500.3,498.24,21233811,10579573245,205917,8132751,38.3
BHARTIARTL,EQ,23-12-2020,500.3,500.3,509.5,498.4,507,507.2,503.97,13081361,6592634496,177939,5472751,41.84
BHARTIARTL,EQ,24-12-2020,507.2,520,523,510.45,516.25,517.3,517.81,20849597,10796115991,208082,5055582,24.25
BHARTIARTL,EQ,28-12-2020,517.3,520.1,527,516.6,521.5,521.6,522.37,12882390,6729343199,134281,4002208,31.07
BHARTIARTL,EQ,29-12-2020,521.6,523,524.95,515.1,520.65,520.25,520.49,11246474,5853727837,132122,3032301,26.96
BHARTIARTL,EQ,30-12-2020,520.25,523.4,523.4,513.3,516,516.15,516.11,10494434,5416322836,140094,4281397,40.8
BHARTIARTL,EQ,31-12-2020,516.15,517.1,518.45,506.3,509.5,509.7,511.71,15524994,7944285300,160584,5813056,37.44
BHARTIARTL,EQ,01-01-2021,509.7,512.25,516.4,508.2,515,515.15,511.92,10185843,5214358970,115803,2857212,28.05
BHARTIARTL,EQ,04-01-2021,515.15,517,520.5,511.6,517.05,517.1,516.17,13240524,6834336261,206776,6016122,45.44
BHARTIARTL,EQ,05-01-2021,517.1,514,516.9,511.1,513.55,514,514.07,10492428,5393846628,113527,5647859,53.83
BHARTIARTL,EQ,06-01-2021,514,515,531.75,513.1,528.2,525.3,525.27,30269288,15899469921,268788,10666667,35.24
BHARTIARTL,EQ,07-01-2021,525.3,532,554.45,527.1,544.15,545.25,544.18,38717913,21069520839,334312,11281016,29.14
BHARTIARTL,EQ,08-01-2021,545.25,549.3,549.75,537.3,540,540.25,542.82,14270435,7746345547,125210,6394886,44.81
BHARTIARTL,EQ,11-01-2021,540.25,541.5,554.35,541.5,546.2,547.15,548.55,19525604,10710819559,158909,8733229,44.73
BHARTIARTL,EQ,12-01-2021,547.15,549,569,545,568.75,565.75,559.81,25380555,14208170263,247319,9832210,38.74
BHARTIARTL,EQ,13-01-2021,565.75,588,601.7,567,576.3,578.25,586.01,83668562,49030253523,691695,24401136,29.16
BHARTIARTL,EQ,14-01-2021,578.25,582.7,584.8,570.05,579.3,580.55,578.26,16661518,9634652220,249335,6968221,41.82
BHARTIARTL,EQ,15-01-2021,580.55,609.55,610.65,593.8,603.5,602.65,601.78,56392307,33935785594,510948,16380024,29.05
BHARTIARTL,EQ,18-01-2021,602.65,602.65,603,584,584.5,586.95,593.11,20965905,12435110815,248064,7499246,35.77
BHARTIARTL,EQ,19-01-2021,586.95,591.1,597.45,586.5,591.45,592.3,593.22,10830923,6425133732,113605,3612661,33.36
BHARTIARTL,EQ,20-01-2021,592.3,592.3,602.5,589,596.3,596.15,596.29,13087294,7803883836,143148,4220175,32.25
BHARTIARTL,EQ,21-01-2021,596.15,600.25,604.05,574.4,585.15,581.35,590.56,17060331,10075227013,181028,5513829,32.32
BHARTIARTL,EQ,22-01-2021,581.35,583.9,585.55,572.75,578.5,576.85,579.63,12429589,7204623789,166361,4858114,39.09
BHARTIARTL,EQ,25-01-2021,576.85,579,587.85,569.55,579.35,580.75,580.67,12273498,7126808101,138024,5165181,42.08
BHARTIARTL,EQ,27-01-2021,580.75,580,581.75,562.35,570.9,570.8,573.12,15280757,8757731200,195096,6783268,44.39
BHARTIARTL,EQ,28-01-2021,570.8,566.5,575.85,562.75,572.4,570.9,569.72,14921448,8501091970,170888,4598893,30.82
BHARTIARTL,EQ,29-01-2021,570.9,578.5,578.5,550.6,552.25,553.6,560.51,25051621,14041671851,254371,11219875,44.79
BHARTIARTL,EQ,01-02-2021,553.6,559,581.1,549.2,580,579.15,566.42,13951025,7902180560,189069,4657886,33.39
BHARTIARTL,EQ,02-02-2021,579.15,584.9,605.65,579.25,600.8,599.35,593.59,21311866,12650443193,220843,8413096,39.48
BHARTIARTL,EQ,03-02-2021,599.35,609.4,622.5,599.45,611.9,608.85,613.31,30076561,18446303551,302042,8330837,27.7
BHARTIARTL,EQ,04-02-2021,608.85,614.9,623,595.65,599.8,600.6,605.85,51018799,30909763017,480812,11731809,23
BHARTIARTL,EQ,05-02-2021,600.6,603.8,605.9,576.25,584.2,581.1,585.16,34811620,20370367178,372792,13998379,40.21
BHARTIARTL,EQ,08-02-2021,581.1,589,603.65,584.7,597.25,597.3,596.42,21247165,12672304482,253809,6348279,29.88
BHARTIARTL,EQ,09-02-2021,597.3,598.9,607.75,595,601,598.95,601.64,20541765,12358751759,240538,6902063,33.6
BHARTIARTL,EQ,10-02-2021,598.95,604.95,607.75,580.25,589.3,590.2,590.97,31059522,18355259543,314607,12487736,40.21
BHARTIARTL,EQ,11-02-2021,590.2,592,603.55,589,594.55,598.1,598.59,18898771,11312566134,234354,7530315,39.85
BHARTIARTL,EQ,12-02-2021,598.1,597.85,597.85,584.6,585.9,586.25,590.92,15611939,9225345869,156237,6936643,44.43
BHARTIARTL,EQ,15-02-2021,586.25,592.1,603,590,593.55,593.7,597.31,17641523,10537397427,196034,7840125,44.44
BHARTIARTL,EQ,16-02-2021,593.7,595,601.6,593,593.45,593.95,597.29,14787224,8832271405,137273,6291162,42.54
BHARTIARTL,EQ,17-02-2021,593.95,596.95,598.8,590.05,598,593.85,594.02,16133750,9583719254,148002,8755001,54.27
BHARTIARTL,EQ,18-02-2021,593.85,597,598,585.2,589.25,589.05,591.31,21784559,12881387333,225068,10360959,47.56
BHARTIARTL,EQ,19-02-2021,589.05,590,596,575.5,581.5,581.35,587.31,19106404,11221300799,231192,7510083,39.31
BHARTIARTL,EQ,22-02-2021,581.35,582,584.9,568,569,570.3,577.72,19854892,11470577068,205271,11347857,57.15
BHARTIARTL,EQ,23-02-2021,570.3,575,577,564,567,565.55,571.18,23326447,13323679975,246360,12766223,54.73
BHARTIARTL,EQ,24-02-2021,565.55,568.1,574.1,565.2,573.9,572.95,570.87,8725136,4980903600,96467,3780300,43.33
BHARTIARTL,EQ,25-02-2021,572.95,579.9,584.45,577.05,580.1,579.15,580.68,15931134,9250911670,193708,7219171,45.31
BHARTIARTL,EQ,26-02-2021,579.15,574.5,585.95,551.75,553.7,556.3,559.68,194887984,1.09E+11,543213,119239949,61.18
BHARTIARTL,EQ,01-03-2021,556.3,558,559.1,521,532.8,532.2,532.76,54075848,28809311393,558647,24731634,45.74
BHARTIARTL,EQ,02-03-2021,532.2,540.5,544,528.85,541.95,541.2,536.23,30058411,16118091211,338203,9450109,31.44
BHARTIARTL,EQ,03-03-2021,541.2,548.75,550.75,540,546.85,546.3,546.32,24214390,13228780673,314197,10589230,43.73
BHARTIARTL,EQ,04-03-2021,546.3,540,546,538,539.95,539.6,540.38,17352483,9376887662,188724,8188706,47.19
BHARTIARTL,EQ,05-03-2021,539.6,535,538.5,524.4,533.8,532.8,532.15,16351700,8701568566,182600,6988800,42.74
BHARTIARTL,EQ,08-03-2021,532.8,531,535.45,524.75,525.25,525.7,528.93,15011518,7940064973,206029,8587620,57.21
BHARTIARTL,EQ,09-03-2021,525.7,530.1,532,514.3,522.4,521.75,521.98,19809833,10340276015,247460,8904176,44.95
BHARTIARTL,EQ,10-03-2021,521.75,520.2,530.5,516.35,526,525.85,523.89,18663334,9777519895,194438,7463429,39.99
BHARTIARTL,EQ,12-03-2021,525.85,530.55,532.75,521.55,524,524.2,527.94,11410264,6023904033,206133,4680628,41.02
BHARTIARTL,EQ,15-03-2021,524.2,527.8,527.8,516.4,522.5,522.85,521.77,10676602,5570683697,149965,4009779,37.56
BHARTIARTL,EQ,16-03-2021,522.85,524,533.75,524,530.05,529.3,529.92,13007824,6893084058,157872,4684129,36.01
BHARTIARTL,EQ,17-03-2021,529.3,528.8,531,519,522.9,522.9,522.92,8326430,4354061121,110807,3729635,44.79
BHARTIARTL,EQ,18-03-2021,522.9,529.85,532.2,515.35,530.75,527.2,523.97,12235615,6411046946,168190,3969755,32.44
BHARTIARTL,EQ,19-03-2021,527.2,528,534.75,525.5,531.9,529.95,530.33,48683525,25818105416,241657,26803620,55.06
BHARTIARTL,EQ,22-03-2021,529.95,533.05,534,523,527,528,527.46,13331409,7031845755,157176,5372570,40.3
BHARTIARTL,EQ,23-03-2021,528,529.7,532.45,522.15,528.6,529.25,527.11,14958494,7884828195,151964,6995411,46.77
BHARTIARTL,EQ,24-03-2021,529.25,528,533.45,521.5,522.25,523.65,528.12,10602439,5599337216,124348,3704628,34.94
BHARTIARTL,EQ,25-03-2021,523.65,523.4,523.65,499.55,507.2,507.75,510.86,17248482,8811620260,222200,5832926,33.82
BHARTIARTL,EQ,26-03-2021,507.75,512.1,524.9,510.6,523.25,522.5,518.76,10943035,5676774107,141501,3725203,34.04
BHARTIARTL,EQ,30-03-2021,522.5,527.8,527.9,516.25,522.35,521.5,521.49,10494794,5472898568,133631,4648204,44.29
BHARTIARTL,EQ,31-03-2021,521.5,522.35,525.9,516.25,516.6,517.3,520.25,7570387,3938520814,86424,3057399,40.39
BHARTIARTL,EQ,01-04-2021,517.3,519.95,523.9,514.55,520.45,520.8,519.84,6980458,3628704762,83069,2880529,41.27
BHARTIARTL,EQ,05-04-2021,520.8,520.8,529,514.6,528.05,528.25,521.82,9203847,4802722483,92553,2821698,30.66
BHARTIARTL,EQ,06-04-2021,528.25,528.5,537.85,524.55,532.5,532.2,532.86,12873443,6859684394,133794,4322722,33.58
BHARTIARTL,EQ,07-04-2021,532.2,537,546.9,535.25,541,541.6,542.17,20997280,11384107645,192193,7853925,37.4
BHARTIARTL,EQ,08-04-2021,541.6,546.8,548.55,540.5,542,543,544.62,11157958,6076850707,113476,3153147,28.26
BHARTIARTL,EQ,09-04-2021,543,539.5,549.75,536.5,544.35,545.25,543.69,11426998,6212767262,120161,3156352,27.62
BHARTIARTL,EQ,12-04-2021,545.25,537.55,538.85,518.5,523.5,522.45,526.6,9687846,5101596995,131068,3848839,39.73
BHARTIARTL,EQ,13-04-2021,522.45,526.4,540,523.1,536.85,536.15,530.96,6535007,3469800867,90447,2169720,33.2
BHARTIARTL,EQ,15-04-2021,536.15,540,546.15,530.25,538.05,539.35,538.26,9805711,5278033640,104489,3407798,34.75
BHARTIARTL,EQ,16-04-2021,539.35,540.05,544.15,538,539,540.75,541.28,6157781,3333066009,68143,2882361,46.81
BHARTIARTL,EQ,19-04-2021,540.75,532.25,535,523.25,526.6,526.45,527.42,7232945,3814784409,112044,3115681,43.08
BHARTIARTL,EQ,20-04-2021,526.45,529,537,525.9,529,530.2,531.74,7233304,3846248823,82776,3258127,45.04
BHARTIARTL,EQ,22-04-2021,530.2,530,533.4,526.05,530.1,530.85,530.11,6552131,3473379510,98115,3224101,49.21
BHARTIARTL,EQ,23-04-2021,530.85,529,532.45,519.1,522.75,522.6,525.85,6992388,3676918379,94602,3237319,46.3
BHARTIARTL,EQ,26-04-2021,522.6,522.75,528.5,522.75,527.2,527.55,526.12,5819893,3061970699,70201,2682701,46.1
BHARTIARTL,EQ,27-04-2021,527.55,527.45,538.55,526.25,535.5,534.3,534.45,9693047,5180449355,99563,3413478,35.22
BHARTIARTL,EQ,28-04-2021,534.3,535.95,548,535.6,543.75,544.3,542.82,11970652,6497866112,125600,4344243,36.29
BHARTIARTL,EQ,29-04-2021,544.3,549.7,550,539.1,540.2,540.85,542.81,8683857,4713693575,98579,3138384,36.14
BHARTIARTL,EQ,30-04-2021,540.85,533.5,547,533.5,535.5,536.75,540.94,8178192,4423888615,106580,3045108,37.23
BHARTIARTL,EQ,03-05-2021,536.75,530,562.5,529.05,561.05,558.85,547.44,14288088,7821900426,144212,5353429,37.47
BHARTIARTL,EQ,04-05-2021,558.85,565.95,565.95,546.7,551.45,552.45,557.72,13934607,7771656551,156159,4821183,34.6
BHARTIARTL,EQ,05-05-2021,552.45,556.9,564.95,554,560,559.95,560.72,11872729,6657315675,173748,4054526,34.15
BHARTIARTL,EQ,06-05-2021,559.95,559.95,564.4,552.6,558.3,558.75,558.34,9000753,5025504841,91956,3353990,37.26
BHARTIARTL,EQ,07-05-2021,558.75,561.2,572.9,556.9,568.1,568.5,567.84,12656867,7187072891,159909,4168641,32.94
BHARTIARTL,EQ,10-05-2021,568.5,572,577,569.1,571.4,572.55,573.54,8211446,4709582275,127435,3467551,42.23
BHARTIARTL,EQ,11-05-2021,572.55,565.5,574.85,564.05,567.3,568.4,569.56,7885422,4491212893,94878,3154106,40
BHARTIARTL,EQ,12-05-2021,568.4,568,569.15,558.2,562,561.75,563.82,6689476,3771645448,86365,2283957,34.14
BHARTIARTL,EQ,14-05-2021,561.75,564,569.35,556.15,560.05,560.4,562.46,7555855,4249858578,113531,2235511,29.59
BHARTIARTL,EQ,17-05-2021,560.4,563.95,563.95,545.8,547.8,549.65,551.79,13424956,7407763709,178943,5001960,37.26
BHARTIARTL,EQ,18-05-2021,549.65,547.5,552.9,534.55,536.8,536.35,540.86,34324460,18564867278,365295,14127966,41.16
BHARTIARTL,EQ,19-05-2021,536.35,537.9,540.55,526.2,527.95,528.2,531.4,19223054,10215112223,253054,10155117,52.83
BHARTIARTL,EQ,20-05-2021,528.2,531,531,520,521.2,520.65,523.54,13777903,7213285932,180741,7365177,53.46
BHARTIARTL,EQ,21-05-2021,520.65,523.25,533.3,522,530.8,530.95,529.34,10299402,5451932192,146363,4232605,41.1
BHARTIARTL,EQ,24-05-2021,530.95,531,533,526,526.95,526.8,528.25,6268351,3311233393,100717,2249792,35.89
BHARTIARTL,EQ,25-05-2021,526.8,529.9,530.8,524.5,526.5,526.1,527.56,9239443,4874387127,130566,4874766,52.76
BHARTIARTL,EQ,26-05-2021,526.1,529,530.8,525,525.35,525.75,527.45,6781577,3576925772,94100,3005528,44.32
BHARTIARTL,EQ,27-05-2021,525.75,526.1,527,518.7,520.5,519.8,521.24,22363299,11656699297,168508,15838685,70.82
BHARTIARTL,EQ,28-05-2021,519.8,522.25,528.5,520.4,524.5,523.6,524.41,10060110,5275656923,122048,4417063,43.91
BHARTIARTL,EQ,31-05-2021,523.6,525.5,536,525.1,536,534.9,532.52,12567516,6692501618,138319,5213870,41.49
BHARTIARTL,EQ,01-06-2021,534.9,537.45,538.4,530.3,533,532.9,533.49,8280431,4417544303,105694,2787566,33.66
BHARTIARTL,EQ,02-06-2021,532.9,529.9,534.6,528,529.5,529.5,530.22,10372845,5499910242,111242,6556257,63.21
BHARTIARTL,EQ,03-06-2021,529.5,530,533.4,528.5,531.2,532.05,531.21,6174103,3279761456,112639,3103456,50.27
BHARTIARTL,EQ,04-06-2021,532.05,533.95,535.8,531.2,532.6,532.7,533.34,4788898,2554100070,86667,2016334,42.1
BHARTIARTL,EQ,07-06-2021,532.7,534,541,533,536.3,536.45,537.66,9496183,5105741297,125647,5043062,53.11
BHARTIARTL,EQ,08-06-2021,536.45,538.1,548,534,547.5,546.8,541.3,12586649,6813116865,141711,6511061,51.73
BHARTIARTL,EQ,09-06-2021,546.8,549.9,551.5,535.35,539.9,540,544.6,12440819,6775299669,136020,6043393,48.58
BHARTIARTL,EQ,10-06-2021,540,543.9,547.85,540.35,545,545.15,544.66,6888855,3752090658,70634,3770725,54.74
BHARTIARTL,EQ,11-06-2021,545.15,545.5,549.75,540.05,541.5,540.85,544.2,7634036,4154426547,92073,4304026,56.38
BHARTIARTL,EQ,14-06-2021,540.85,540.85,540.85,529.3,539.5,539.35,536.56,5609077,3009623906,68150,2583845,46.07
BHARTIARTL,EQ,15-06-2021,539.35,541,543.65,538.4,541.65,542.5,541.67,7130896,3862612357,98569,3829045,53.7
BHARTIARTL,EQ,16-06-2021,542.5,543.8,543.8,534.9,536,536.75,537.92,9860470,5304126675,101959,5870976,59.54
BHARTIARTL,EQ,17-06-2021,536.75,539.5,541.25,527.05,528.2,528.65,533.54,10026485,5349557377,116401,5258372,52.44
BHARTIARTL,EQ,18-06-2021,528.65,531.4,541.9,519,540.55,538.75,530.78,14723907,7815213018,158567,7434031,50.49
BHARTIARTL,EQ,21-06-2021,538.75,535,541.9,533,539.25,539.6,538.76,5637000,3037013916,83637,1830285,32.47
BHARTIARTL,EQ,22-06-2021,539.6,548.05,549,535.5,536.4,536.4,540.63,8946586,4836759319,120508,2842659,31.77
BHARTIARTL,EQ,23-06-2021,536.4,538,539.2,532.7,533.9,534.05,536.06,4679563,2508526632,63718,1894079,40.48
BHARTIARTL,EQ,24-06-2021,534.05,535,535.45,527.4,529.8,528.75,530.25,6301610,3341441186,75005,3107452,49.31
BHARTIARTL,EQ,25-06-2021,528.75,531.3,535.9,529.35,534.5,535.1,533.16,5402768,2880566074,63409,2562118,47.42
BHARTIARTL,EQ,28-06-2021,535.1,537,537,530.45,531.5,531.2,532.38,5168753,2751756796,79465,2848462,55.11
BHARTIARTL,EQ,29-06-2021,531.2,531.25,532.25,524,525.9,524.95,527.41,8553386,4511158756,136722,5373552,62.82
BHARTIARTL,EQ,30-06-2021,524.95,527,530.4,524.35,528,525.65,527.41,5654391,2982191882,105020,2810329,49.7
BHARTIARTL,EQ,01-07-2021,525.65,529,531,522,523.2,522.65,524.74,6454014,3386693761,129105,3227982,50.02
BHARTIARTL,EQ,02-07-2021,522.65,525.6,533,520,525.45,525,527.31,13063791,6888614243,179216,4224394,32.34
BHARTIARTL,EQ,05-07-2021,525,528,528.5,523.3,524.1,523.95,525.41,6256128,3287021023,129389,3502031,55.98
BHARTIARTL,EQ,06-07-2021,523.95,523.5,527.7,521.1,527,526.1,524.44,10300966,5402230768,140103,6244902,60.62
BHARTIARTL,EQ,07-07-2021,526.1,523.2,530.6,523.2,530.2,529.6,528.95,6546286,3462650690,114175,3742069,57.16
BHARTIARTL,EQ,08-07-2021,529.6,530,532.8,523.55,525.5,525.3,528.35,5301428,2800991215,70695,2926722,55.21
BHARTIARTL,EQ,09-07-2021,525.3,525.5,537.5,523,536.5,536.25,531.89,7169047,3813176905,111147,2998995,41.83
BHARTIARTL,EQ,12-07-2021,536.25,538.95,538.95,528.65,529.6,529.65,532.16,8768168,4666065346,120737,5205299,59.37
BHARTIARTL,EQ,13-07-2021,529.65,533.55,535.5,528.2,530.55,530.05,531.38,7988044,4244666732,135282,4660077,58.34
BHARTIARTL,EQ,14-07-2021,530.05,529,531.4,526.65,530,530.05,529.52,6543996,3465174568,90298,4029543,61.58
BHARTIARTL,EQ,15-07-2021,530.05,532.5,532.5,525,525.45,525.45,527.13,6759881,3563337513,146578,4366257,64.59
BHARTIARTL,EQ,16-07-2021,525.45,527,543.4,525.95,540.95,541.15,537.93,11043791,5940802605,152303,3993243,36.16
BHARTIARTL,EQ,19-07-2021,541.15,539,544.7,529.3,535.6,538.45,539.66,8962285,4836579078,124002,3236876,36.12
BHARTIARTL,EQ,20-07-2021,538.45,536.45,536.8,523,525.3,525.75,527.3,7505544,3957651838,117673,4111061,54.77
BHARTIARTL,EQ,22-07-2021,525.75,531.1,548,523.65,547.6,546.7,537.77,19847956,10673637878,216329,8273743,41.69
BHARTIARTL,EQ,23-07-2021,546.7,547.7,560.65,532.75,546.8,548.3,550.18,32588978,17929863695,341507,13729403,42.13
BHARTIARTL,EQ,26-07-2021,548.3,545,553.85,542.1,543,544.05,547.87,5118493,2804279214,78207,1817804,35.51
BHARTIARTL,EQ,27-07-2021,544.05,545.8,545.8,536.15,540.15,540.55,540.88,5727485,3097905205,80922,3198327,55.84
BHARTIARTL,EQ,28-07-2021,540.55,539.5,570.7,537.85,567.8,567.9,559.81,31932505,17876254011,387434,11524077,36.09
BHARTIARTL,EQ,29-07-2021,567.9,574.1,576.7,565,567,567.15,570.61,15552340,8874254806,198829,6418504,41.27
BHARTIARTL,EQ,30-07-2021,567.15,565.9,568.5,557.8,564.75,561.65,562.88,9938812,5594328209,156191,5322674,53.55
BHARTIARTL,EQ,02-08-2021,561.65,566,569.95,560,565.2,565.15,564.75,6254864,3532436890,93942,2315500,37.02
BHARTIARTL,EQ,03-08-2021,565.15,568,582,562.1,578.35,580.2,576.48,21280806,12267867925,210672,8628293,40.54
BHARTIARTL,EQ,04-08-2021,580.2,575,586.9,570.3,574.6,574.4,577.95,21414510,12376468144,235946,7074494,33.04
BHARTIARTL,EQ,05-08-2021,574.4,577.5,619,577.5,596.6,598.7,602.47,71088770,42828882476,680710,19795693,27.85
BHARTIARTL,EQ,06-08-2021,598.7,594.5,616.95,588.5,607.55,607.9,607.7,28520160,17331650761,282390,8301288,29.11
BHARTIARTL,EQ,09-08-2021,607.9,610,612.7,597.55,598,599.25,602.69,9892910,5962324950,116641,3587959,36.27
BHARTIARTL,EQ,10-08-2021,599.25,602.2,628,598.4,621.9,622.2,618.96,33878294,20969148431,377498,7374562,21.77
BHARTIARTL,EQ,11-08-2021,622.2,622.2,629.25,613.7,619,620.85,620.7,18386089,11412232380,214762,8385540,45.61
BHARTIARTL,EQ,12-08-2021,620.85,623,628.95,617,621.15,623.15,621.92,8274954,5146336611,123439,2227799,26.92
BHARTIARTL,EQ,13-08-2021,623.15,623.15,638.8,618.1,636.2,637.05,633.34,20690579,13104154661,223773,7780260,37.6
BHARTIARTL,EQ,16-08-2021,637.05,638.75,644,632,632.7,634.05,637.38,10312706,6573078634,137519,3071613,29.78
BHARTIARTL,EQ,17-08-2021,634.05,634.05,638,623,626,626.35,629.06,11102775,6984365686,147794,5840702,52.61
BHARTIARTL,EQ,18-08-2021,626.35,625.9,634,620.85,622.5,622.95,625.99,7005347,4385293904,135321,2749199,39.24
BHARTIARTL,EQ,20-08-2021,622.95,619.5,633,607,610.15,613.7,621.98,12534832,7796382719,159964,4508471,35.97
BHARTIARTL,EQ,23-08-2021,613.7,618.4,630.5,607.6,622.45,622.65,620.1,12554898,7785232234,179504,4350886,34.65
BHARTIARTL,EQ,24-08-2021,622.65,627.95,627.95,617.05,619,620.1,622.05,5776595,3593337042,102756,1279403,22.15
BHARTIARTL,EQ,25-08-2021,620.1,622.35,622.35,611,612,612.45,614.68,7977884,4903814635,108894,3292935,41.28
BHARTIARTL,EQ,26-08-2021,612.45,610,611.5,584.3,585.4,586.9,594.93,25831904,15368224393,309951,9428740,36.5
BHARTIARTL,EQ,27-08-2021,586.9,588.8,605.4,585.05,588.45,595.15,596.54,16141223,9628890826,186233,4493635,27.84
BHARTIARTL,EQ,30-08-2021,595.15,596,625,590.1,625,620.45,607.03,39759785,24135482915,408302,17788406,44.74
BHARTIARTL,EQ,31-08-2021,620.45,626.05,668.1,625,662,664.05,647.14,59661820,38609751164,609418,18751354,31.43
BHARTIARTL,EQ,01-09-2021,664.05,668,673.3,654,663.85,666.4,664.15,30228814,20076317857,425536,11672184,38.61
BHARTIARTL,EQ,02-09-2021,666.4,669.95,673.75,664.05,665.05,666.5,669.12,18601857,12446958541,264488,10042566,53.99
BHARTIARTL,EQ,03-09-2021,666.5,668,669.6,654,657.7,658.45,661.64,7774350,5143819645,146745,2700674,34.74
BHARTIARTL,EQ,06-09-2021,658.45,664.4,665.75,653.4,655,654.6,658.17,10035041,6604811954,177568,5106439,50.89
BHARTIARTL,EQ,07-09-2021,654.6,657.95,680.5,648,671.75,670.55,668.7,27665704,18500038541,308503,8734758,31.57
BHARTIARTL,EQ,08-09-2021,670.55,678,683.8,665,668,667.85,673.8,20492200,13807544224,278450,4586861,22.38
BHARTIARTL,EQ,09-09-2021,667.85,667.85,688.2,667.05,685.45,686.15,679.46,19419892,13194985934,214688,7866073,40.51
BHARTIARTL,EQ,13-09-2021,686.15,692,697,685.85,691.5,693.3,692.23,19341527,13388757142,237542,8168516,42.23
BHARTIARTL,EQ,14-09-2021,693.3,695,699.7,689.1,694.8,694.2,694.32,11479081,7970130902,156740,4082118,35.56
BHARTIARTL,EQ,15-09-2021,694.2,697,734.95,696.15,727.5,725.5,721.13,55750090,40202853716,437036,20541501,36.85
BHARTIARTL,EQ,16-09-2021,725.5,735,737,715.4,715.75,718.6,725.18,44172650,32033019299,387975,20642424,46.73
BHARTIARTL,EQ,17-09-2021,718.6,721,734.75,721,729.5,728.15,726.11,26158201,18993707231,243600,11528051,44.07
BHARTIARTL,EQ,20-09-2021,728.15,725,733.7,720.3,721.25,724.95,727.07,14066795,10227526671,127537,7929458,56.37
BHARTIARTL,EQ,21-09-2021,724.95,722.9,740.75,722,726.5,726.65,729.51,13954874,10180209791,186316,5393263,38.65
BHARTIARTL,EQ,22-09-2021,726.65,727,732.05,724.1,727,726.75,728.1,16047334,11684020062,105371,9401649,58.59
BHARTIARTL,EQ,23-09-2021,726.75,733.4,740.1,723.2,726.95,726.8,729.9,26009026,18983963450,180792,15817212,60.81
BHARTIARTL,EQ,24-09-2021,726.8,729.05,753,728,742.9,739.4,741.99,70844952,52566116045,392132,32677530,46.13
BHARTIARTL,EQ,27-09-2021,739.4,731,731.9,718.15,721,722.55,724.34,11282248,8172162220,151903,4728776,41.91
BHARTIARTL,EQ,28-09-2021,722.55,724.4,726.8,686,695.85,696.15,698.8,21944239,15334572733,312911,11007945,50.16
BHARTIARTL,EQ,29-09-2021,696.15,697,702,689.15,693,694.1,694.98,16729859,11626871378,163654,9013506,53.88
BHARTIARTL,EQ,30-09-2021,694.1,695.8,709.8,686.8,688.5,688.3,697.87,13911568,9708475403,197319,5789356,41.62
BHARTIARTL,EQ,01-10-2021,688.3,687.35,687.35,667.65,675.8,675.9,675.71,14952128,10103276450,196689,7902803,52.85
BHARTIARTL,EQ,04-10-2021,675.9,675,686.2,669.7,682.4,681.4,680.44,8917898,6068058555,204952,4791414,53.73
BHARTIARTL,EQ,05-10-2021,681.4,684.4,703.45,680.4,699.5,699.25,692.45,25598885,17726051844,225313,12409556,48.48
BHARTIARTL,EQ,06-10-2021,699.25,705.75,707.95,688.2,689.95,691.4,698.28,10406502,7266632649,135686,4697552,45.14
BHARTIARTL,EQ,07-10-2021,691.4,695.75,702.2,691.3,692.3,692.5,697.65,8121590,5666053723,99336,4558435,56.13
BHARTIARTL,EQ,08-10-2021,692.5,695.15,699.55,688.9,694.4,695.5,695.36,6297352,4378941991,97207,3371512,53.54
BHARTIARTL,EQ,11-10-2021,695.5,693.1,696.05,685,692.45,690.85,691.16,8792050,6076746795,141989,5338492,60.72
BHARTIARTL,EQ,12-10-2021,690.85,691,698.4,684.2,686,686.35,688.88,8579567,5910316024,107167,4895467,57.06
BHARTIARTL,EQ,13-10-2021,686.35,689,696.8,683.1,689.9,689.9,691.92,7062149,4886425291,115520,3865847,54.74
BHARTIARTL,EQ,14-10-2021,689.9,693,694,681.85,688.6,685.8,686.86,9820591,6745350118,164220,6618657,67.4
BHARTIARTL,EQ,18-10-2021,685.8,700,701.95,679.65,680.3,680.6,686.55,8574445,5886766704,170647,5131456,59.85
BHARTIARTL,EQ,19-10-2021,680.6,699,699,675.45,682,681.1,686.19,7328862,5028996720,139015,2337461,31.89
BHARTIARTL,EQ,20-10-2021,681.1,683.4,713.9,681.4,708.1,708.45,705.07,21217306,14959584880,308695,7477479,35.24
BHARTIARTL,EQ,21-10-2021,708.45,710.95,712.35,689.2,696.5,696.05,698.43,8908979,6222328272,149731,3709989,41.64
BHARTIARTL,EQ,22-10-2021,696.05,698.5,705.3,684.25,695,694.5,695.43,6587256,4580967538,124367,2316920,35.17
BHARTIARTL,EQ,25-10-2021,694.5,693,704,675,690.8,691.1,692.84,9540441,6610023479,140498,4460385,46.75
BHARTIARTL,EQ,26-10-2021,691.1,695,709.85,689,695,696.2,697.66,10953878,7642032684,131088,4380098,39.99
BHARTIARTL,EQ,27-10-2021,696.2,699.4,714.65,694,702,702.35,705.2,11878571,8376715278,169771,5592599,47.08
BHARTIARTL,EQ,28-10-2021,702.35,702.75,706.05,684.4,690.6,689.75,695.11,8884507,6175668655,115076,4226002,47.57
BHARTIARTL,EQ,29-10-2021,689.75,692.2,701,677.05,685.8,685.35,690.24,8602343,5937693304,136950,4468442,51.94
BHARTIARTL,EQ,01-11-2021,685.35,689.95,722.8,689.6,714.2,712.5,711.57,17121001,12182834909,222155,7162759,41.84
BHARTIARTL,EQ,02-11-2021,712.5,712.5,723.1,709.55,715.55,713.95,715.44,7725455,5527109351,120235,2850643,36.9
BHARTIARTL,EQ,03-11-2021,713.95,725.75,732.5,696,697.5,699.1,711.26,23261507,16544960649,259851,7514026,32.3
BHARTIARTL,EQ,04-11-2021,699.1,704,704.8,699.2,703,701.1,701.68,1064714,747086343.3,29350,368267,34.59
BHARTIARTL,EQ,08-11-2021,701.1,707.45,714.9,704,710.6,709,709.78,7565546,5369884373,151956,4063396,53.71
BHARTIARTL,EQ,09-11-2021,709,711.7,716.45,705.15,712.5,713.2,711.49,5278131,3755339129,107717,2441591,46.26
BHARTIARTL,EQ,10-11-2021,713.2,717.5,738,707.35,736.6,735.45,727.13,15180490,11038230230,206104,7347822,48.4
BHARTIARTL,EQ,11-11-2021,735.45,735,738.6,724.25,728.5,728.6,731.37,7421118,5427569744,139820,2942159,39.65
BHARTIARTL,EQ,12-11-2021,728.6,733,745,725.25,741.7,743.5,739.18,9207508,6806027529,143918,4085440,44.37
BHARTIARTL,EQ,15-11-2021,743.5,740,746,736.2,738.85,737.55,740.17,5454742,4037413875,106730,2591471,47.51
BHARTIARTL,EQ,16-11-2021,737.55,741.35,742.05,727.05,728.5,730.3,735.22,4639931,3411373132,85245,2135986,46.03
BHARTIARTL,EQ,17-11-2021,730.3,724.55,732.35,716.25,720.5,720.05,724.59,8002927,5798837637,109358,4657808,58.2
BHARTIARTL,EQ,18-11-2021,720.05,720.6,723.45,708,714.25,714.35,715.55,4469597,3198209525,102930,1777562,39.77
BHARTIARTL,EQ,22-11-2021,714.35,740,755.95,733.1,741.35,742.1,744.5,36884348,27460467118,417298,15761796,42.73
BHARTIARTL,EQ,23-11-2021,742.1,745,761,735.7,758,758.9,750.66,18240414,13692421297,303588,7491076,41.07
BHARTIARTL,EQ,24-11-2021,758.9,764,781.8,756.25,756.9,758.9,769.36,21653712,16659448541,274108,8566288,39.56
BHARTIARTL,EQ,25-11-2021,758.9,759.05,768.5,752.8,765,765.15,761.66,8483653,6461637920,150394,2681655,31.61
BHARTIARTL,EQ,26-11-2021,765.15,763,763,733.1,735.85,738.75,744.93,11142921,8300683386,213934,5499123,49.35
BHARTIARTL,EQ,29-11-2021,738.75,752,755,727.1,738.05,739.35,740.06,15885643,11756261450,277565,8822195,55.54
BHARTIARTL,EQ,30-11-2021,739.35,740,750.2,722.65,725.75,728.25,734.16,14272616,10478376142,250182,8053035,56.42
BHARTIARTL,EQ,01-12-2021,728.25,733,737.4,718.25,722,722.25,727.89,10488561,7634537130,177518,5561076,53.02
BHARTIARTL,EQ,02-12-2021,722.25,723.9,735.7,714.15,732,732.55,724.06,11507427,8332066780,163134,5372973,46.69
BHARTIARTL,EQ,03-12-2021,732.55,730,734.65,716.3,718.2,718.35,721.06,11024093,7949033647,208351,5078356,46.07
BHARTIARTL,EQ,06-12-2021,718.35,718,721.9,693.85,696.75,697.6,706,8804487,6215996627,151783,4362806,49.55
BHARTIARTL,EQ,07-12-2021,697.6,702.35,705.7,694.1,698.85,698.85,698.89,10238693,7155735080,144432,5697408,55.65
BHARTIARTL,EQ,08-12-2021,698.85,705,719,702.3,715.95,715.15,710.87,8296393,5897694385,136205,3859045,46.51
BHARTIARTL,EQ,09-12-2021,715.15,716.8,723.95,711,713.5,713.95,715.86,9069515,6492502691,144847,5238187,57.76
BHARTIARTL,EQ,10-12-2021,713.95,711,718.9,707,709.35,710.7,711.78,4251339,3026027789,77177,1991516,46.84
BHARTIARTL,EQ,13-12-2021,710.7,715,718.4,698.35,704.95,703.1,706.49,9896899,6992095766,116223,6178849,62.43
BHARTIARTL,EQ,14-12-2021,703.1,701,706.3,688.4,691.75,691.6,695.26,9275631,6449005565,149115,5954795,64.2
BHARTIARTL,EQ,15-12-2021,691.6,691.75,694.9,684.1,686,685.45,688.8,7674319,5286093004,97557,4491442,58.53
BHARTIARTL,EQ,16-12-2021,685.45,689.9,689.9,677.6,686,681.4,681.97,9633006,6569387274,141811,6718838,69.75
BHARTIARTL,EQ,17-12-2021,681.4,681,685.7,661.1,666.45,666.05,668.11,13850460,9253601298,185449,8714035,62.92
BHARTIARTL,EQ,20-12-2021,666.05,659.15,661.15,645.1,658.1,658.25,653.95,11812939,7725049296,152042,6759790,57.22
BHARTIARTL,EQ,21-12-2021,658.25,663.95,670.9,659.2,666.05,667,665.55,8084499,5380653575,137610,4669843,57.76
BHARTIARTL,EQ,22-12-2021,667,667,686,667,686,684.75,680.6,8522226,5800265897,135614,4526686,53.12
BHARTIARTL,EQ,23-12-2021,684.75,689,689,675.5,679,678.75,679.7,5602466,3807977792,91044,2807481,50.11
BHARTIARTL,EQ,24-12-2021,678.75,682.1,682.85,672.65,676.6,677.05,677.35,3756020,2544136884,63731,1489216,39.65
BHARTIARTL,EQ,27-12-2021,677.05,674.95,678.35,668.65,676.55,675.75,674.83,3658572,2468910296,73730,1629830,44.55
BHARTIARTL,EQ,28-12-2021,675.75,679.85,683.5,675.05,679.3,680.05,679.87,3892590,2646466080,73898,1647324,42.32
BHARTIARTL,EQ,29-12-2021,680.05,679.95,683.5,675,675.55,676.85,679.23,3847574,2613403546,78957,1871531,48.64
BHARTIARTL,EQ,30-12-2021,676.85,677.5,685.8,674.2,683,679.35,680.79,5701612,3881626397,91364,2634040,46.2
BHARTIARTL,EQ,31-12-2021,679.35,680.5,694.1,680,684,683.8,686.54,4598628,3157130863,78114,1776384,38.63
BHARTIARTL,EQ,03-01-2022,683.8,687.8,692.6,683.1,691.75,691.3,688.78,2939833,2024900234,180368,1388705,47.24
BHARTIARTL,EQ,04-01-2022,691.3,692.25,703.25,690.4,697.25,697.45,697.46,6473875,4515251886,140355,3362580,51.94
BHARTIARTL,EQ,05-01-2022,697.45,700.9,702.75,691.75,700,700,698.61,4586105,3203921432,103288,2065102,45.03
BHARTIARTL,EQ,06-01-2022,700,702,720.5,700,710.75,710.4,711.67,21642414,15402157765,185013,8545947,39.49
BHARTIARTL,EQ,07-01-2022,710.4,713.9,715.15,701.45,705.4,704.7,707.5,4315015,3052867348,94630,1853837,42.96
BHARTIARTL,EQ,10-01-2022,704.7,705.4,711.35,703.65,706.5,704.95,706.39,3565324,2518498800,83493,1776568,49.83
BHARTIARTL,EQ,11-01-2022,704.95,703,709.55,694.6,703,703.45,701.16,10642484,7462080834,131814,6365265,59.81
BHARTIARTL,EQ,12-01-2022,703.45,707.95,732.7,704.2,729.15,730.2,718.93,12366953,8890964594,168773,5928901,47.94
BHARTIARTL,EQ,13-01-2022,730.2,729,735.65,726.15,731.65,731.8,731.66,5829874,4265485874,156288,3120661,53.53
BHARTIARTL,EQ,14-01-2022,731.8,729.95,730.9,718.45,721.55,720.6,723,5344096,3863767971,145842,3171117,59.34
BHARTIARTL,EQ,17-01-2022,720.6,720,734.75,719.55,728,728.6,728.48,4340924,3162261277,109351,2060318,47.46
BHARTIARTL,EQ,18-01-2022,728.6,727,730.7,712.55,713.85,714.35,719.88,4312058,3104152906,88796,2220304,51.49
BHARTIARTL,EQ,19-01-2022,714.35,714,715,701.7,703.45,703.7,705.92,5879490,4150449660,139649,3760347,63.96
BHARTIARTL,EQ,20-01-2022,703.7,706,719.65,705.25,719,715.4,712.67,4812496,3429736091,92833,2190011,45.51
BHARTIARTL,EQ,21-01-2022,715.4,709.6,714,689.35,694.4,695.25,698.82,6704622,4685308745,169089,3682648,54.93
BHARTIARTL,EQ,24-01-2022,695.25,690.3,707,677.35,687.65,689.9,693.63,11091633,7693451057,181824,5970836,49.23
BHARTIARTL,EQ,25-01-2022,689.9,684,720.45,682.15,709.4,711.85,709.71,14128764,10027351547,203434,7140962,50.54
BHARTIARTL,EQ,27-01-2022,711.85,706.5,716,701.5,709.6,707.25,708.61,8937312,6333036738,201463,5147830,57.6
BHARTIARTL,EQ,28-01-2022,707.25,714.9,754,701.65,717,715.8,718.56,21450677,15413494338,360964,10858600,50.62
BHARTIARTL,EQ,31-01-2022,715.8,728,735,719.55,729.55,729.3,728.03,10745370,7822973342,240581,6012055,55.95
BHARTIARTL,EQ,01-02-2022,729.3,733,735,718.3,725.05,723.05,727.18,4814511,3501028780,106248,1699053,35.29
BHARTIARTL,EQ,02-02-2022,723.05,726.1,731.75,720.5,725.1,725.05,724.74,3286577,2381909150,85137,1425176,43.36
BHARTIARTL,EQ,03-02-2022,725.05,726,729,718.5,720,721.65,723.41,3651578,2641591235,105929,2106096,57.68
BHARTIARTL,EQ,04-02-2022,721.65,721.1,723.25,716.5,719,720.2,720.08,3284198,2364897340,93139,1704869,51.91
BHARTIARTL,EQ,07-02-2022,720.2,718,720.1,699.5,708,706.5,707.6,6833983,4835739601,115571,3830394,56.05
BHARTIARTL,EQ,08-02-2022,706.5,711.2,714.7,701,706.95,708.9,706.62,7167684,5064859596,111904,3368670,47
BHARTIARTL,EQ,09-02-2022,708.9,707.1,726.1,702.15,719.9,719.35,715.86,10185173,7291175687,144952,4524854,44.43
BHARTIARTL,EQ,10-02-2022,719.35,722.95,726.95,708.6,721.5,724.05,718.87,6074014,4366441126,176435,2930229,48.24
BHARTIARTL,EQ,11-02-2022,724.05,721.7,725.4,710.9,713.2,715.15,716.33,5646980,4045110736,118668,3428094,60.71
BHARTIARTL,EQ,14-02-2022,715.15,704,704,685,689,689.7,695,7441445,5171789239,199472,4148997,55.76
BHARTIARTL,EQ,15-02-2022,689.7,696,713.1,686.6,710.05,711.55,698.99,4650249,3250471564,94669,1955106,42.04
BHARTIARTL,EQ,16-02-2022,711.55,717.4,728.2,708,719.7,721.8,719.33,5433910,3908776019,105402,1998939,36.79
BHARTIARTL,EQ,17-02-2022,721.8,724.45,727.5,715,716.15,717,720.02,5107708,3677661983,88553,2594148,50.79
BHARTIARTL,EQ,18-02-2022,717,712.05,719.55,711.35,712,712.55,715.65,4099366,2933719344,78724,2006827,48.95
BHARTIARTL,EQ,21-02-2022,712.55,708.05,716.55,703,710.25,709.95,711.19,4307430,3063380672,68370,2275032,52.82
BHARTIARTL,EQ,22-02-2022,709.95,694.2,702.5,687.5,696.1,699.25,693.88,9148804,6348204854,162755,5648218,61.74
BHARTIARTL,EQ,23-02-2022,699.25,700.1,708.95,699.5,701.2,704.4,704.91,4124469,2907363092,99194,2354887,57.1
BHARTIARTL,EQ,24-02-2022,704.4,682,688.55,645.45,670,670.9,675.3,14139461,9548316519,257679,7314769,51.73
BHARTIARTL,EQ,25-02-2022,670.9,677.5,695.15,677.5,689,688.65,689.84,6452099,4450902016,121428,3187317,49.4
BHARTIARTL,EQ,28-02-2022,688.65,681,690,666.45,686,686.5,681.09,8301523,5654064695,193009,4327754,52.13
BHARTIARTL,EQ,02-03-2022,686.5,684,684,666,675,674.25,672.92,10220908,6877819127,224046,6319929,61.83
BHARTIARTL,EQ,03-03-2022,674.25,675,679.8,668.6,672.2,672.05,672.86,6517030,4385023861,170940,3873192,59.43
BHARTIARTL,EQ,04-03-2022,672.05,665,667.95,650,654.75,653.7,657.18,7094874,4662610398,141743,3920731,55.26
BHARTIARTL,EQ,07-03-2022,653.7,640,679.35,639,677.2,675.4,665.01,12615451,8389449157,287557,7190131,56.99
BHARTIARTL,EQ,08-03-2022,675.4,675,686.85,667.6,681.5,683,679.19,8462985,5747955863,172611,4638145,54.81
BHARTIARTL,EQ,09-03-2022,683,682,698,674.3,691.35,691.5,690.95,9896395,6837953187,172243,6449606,65.17
BHARTIARTL,EQ,10-03-2022,691.5,699.95,707.5,690.6,697,697.75,700.04,5989327,4192789258,141335,3034285,50.66
BHARTIARTL,EQ,11-03-2022,697.75,696.7,702.4,691.5,694.4,694.85,696.36,3353880,2335501660,109928,1373120,40.94
BHARTIARTL,EQ,14-03-2022,694.85,688.15,704.85,688.15,699.4,700.4,699.75,4016137,2810303857,82492,1838985,45.79
BHARTIARTL,EQ,15-03-2022,700.4,699,709.5,695.5,701,703.1,703.6,6006439,4226116846,108680,3559067,59.25
BHARTIARTL,EQ,16-03-2022,703.1,710,715.5,705,713.2,712,709.69,3843706,2727848498,58888,2144936,55.8
BHARTIARTL,EQ,17-03-2022,712,720,727.95,715,723.85,722.9,723.45,8168953,5909814622,118266,5030378,61.58
BHARTIARTL,EQ,21-03-2022,722.9,722,724.35,706.8,707.5,708.2,714.53,6317305,4513922556,134043,4365535,69.1
BHARTIARTL,EQ,22-03-2022,708.2,708.5,721,705.85,717.5,719.25,714.25,3000133,2142849722,72315,1415443,47.18
BHARTIARTL,EQ,23-03-2022,719.25,719.25,719.85,703,705.8,704.95,706.42,7974713,5633501331,128384,4976805,62.41
BHARTIARTL,EQ,24-03-2022,704.95,698,708.85,697.85,705.8,706.35,704.7,3597143,2534906531,92634,2100059,58.38
BHARTIARTL,EQ,25-03-2022,706.35,712.3,714.45,705.85,711.25,709.35,709.95,2930336,2080398006,75077,1240433,42.33
BHARTIARTL,EQ,28-03-2022,709.35,715.25,737,710.1,737,733.05,722.55,7960258,5751720381,128264,3281802,41.23
BHARTIARTL,EQ,29-03-2022,733.05,740.4,763,737,753.5,754.95,751.53,15833573,11899377452,217096,6002371,37.91
BHARTIARTL,EQ,30-03-2022,754.95,762.75,769.9,744.6,748.65,749.5,756.69,9938988,7520695973,181513,5112349,51.44
BHARTIARTL,EQ,31-03-2022,749.5,753,759,739.7,757,754.95,748.4,7371181,5516573660,122409,3976410,53.95
BHARTIARTL,EQ,01-04-2022,754.95,759.8,766.65,749.25,758.35,758.5,757.01,5920139,4481591820,106388,3221248,54.41
BHARTIARTL,EQ,04-04-2022,758.5,757.85,775,756.2,766.9,767.8,767.53,5783224,4438803621,132468,3106340,53.71
BHARTIARTL,EQ,05-04-2022,767.8,767.8,773.8,761,764.9,766.6,767.2,3990794,3061725447,105537,1969465,49.35
BHARTIARTL,EQ,06-04-2022,766.6,764,780.7,763,773.8,775.65,774.03,7490027,5797540256,125133,4105969,54.82
BHARTIARTL,EQ,07-04-2022,775.65,775,777.85,759.55,763.35,762.4,766.75,5818505,4461357930,99161,4092668,70.34
BHARTIARTL,EQ,08-04-2022,762.4,768.35,768.35,757.6,762.8,762.1,762.21,5583587,4255846177,85314,3672274,65.77
BHARTIARTL,EQ,11-04-2022,762.1,757,765.2,756,758.4,758.05,761.44,4927865,3752283488,64881,3511276,71.25
BHARTIARTL,EQ,12-04-2022,758.05,759.95,759.95,740.1,742,741.65,747.78,3904026,2919333393,113238,2138025,54.76
BHARTIARTL,EQ,13-04-2022,741.65,742,756.5,737.95,739.9,740.65,746.35,6343030,4734103794,111544,3634337,57.3
BHARTIARTL,EQ,18-04-2022,740.65,736.65,740.15,723.4,732.3,729.5,728.67,8950327,6521833849,112351,5286416,59.06
BHARTIARTL,EQ,19-04-2022,729.5,739,739,716.85,719.5,723.5,728.28,9957060,7251573217,162713,5592961,56.17
BHARTIARTL,EQ,20-04-2022,723.5,730.05,744.5,723.95,738.25,739.35,738.03,6632292,4894816527,125132,3324758,50.13
BHARTIARTL,EQ,21-04-2022,739.35,743.9,743.9,730,738.45,735.75,738.7,6111830,4514820014,113613,3988990,65.27
BHARTIARTL,EQ,22-04-2022,735.75,731,740.9,729,736.9,738.75,737.19,5182247,3820279419,86692,3304736,63.77
BHARTIARTL,EQ,25-04-2022,738.75,729.95,743,729.15,739.5,739.35,736.43,3571031,2629801133,60077,1785802,50.01
BHARTIARTL,EQ,26-04-2022,739.35,745,758.9,739.1,756,756.3,750.75,4987848,3744626322,99326,2923518,58.61
BHARTIARTL,EQ,27-04-2022,756.3,750,761.55,746.4,752,752.5,753.6,4571399,3445012189,110530,2647953,57.92
BHARTIARTL,EQ,28-04-2022,752.5,751,754.3,744.6,746,747.35,748.48,6101866,4567143508,115258,4294585,70.38
BHARTIARTL,EQ,29-04-2022,747.35,752,761,735.55,739.5,739,748.63,7219115,5404450312,108059,4462879,61.82
BHARTIARTL,EQ,02-05-2022,739,734,742.95,730.35,741.15,741.35,738.1,3938533,2907041430,77380,2603766,66.11
BHARTIARTL,EQ,04-05-2022,741.35,737,739.35,717,723.3,722.4,727.65,6785271,4937275464,172944,4542549,66.95
BHARTIARTL,EQ,05-05-2022,722.4,726,733.1,714.25,722.35,718.95,724.4,4836692,3503723722,103451,2609847,53.96
BHARTIARTL,EQ,06-05-2022,718.95,711.25,723.9,707.75,711,710.25,715.4,5912312,4229659562,163129,3430280,58.02
BHARTIARTL,EQ,09-05-2022,710.25,706.1,720.5,704.45,712,711.5,713.62,4819274,3439126713,70056,2357639,48.92
BHARTIARTL,EQ,10-05-2022,711.5,711,728.5,710.15,719.4,719.65,722.26,6746893,4873013764,99962,3901303,57.82
BHARTIARTL,EQ,11-05-2022,719.65,719.65,735,716.9,722.7,722.85,724.65,6919703,5014359459,122248,3691601,53.35
BHARTIARTL,EQ,12-05-2022,722.85,715.25,722.8,701.25,703.4,705.4,709.05,6754953,4789576823,152352,4461046,66.04
BHARTIARTL,EQ,13-05-2022,705.4,713,713,684.75,685.85,689.9,696.81,11938252,8318729810,192522,7792196,65.27
BHARTIARTL,EQ,16-05-2022,689.9,685.85,698,679.65,692,693.2,690.37,5412233,3736419405,101215,3228254,59.65
BHARTIARTL,EQ,17-05-2022,693.2,695,710,690.85,705.6,707.05,702.51,4847812,3405613794,96058,2626507,54.18
BHARTIARTL,EQ,18-05-2022,707.05,721,727.15,689.2,694.45,696.15,703.54,18992703,13362187998,347555,5417610,28.52
BHARTIARTL,EQ,19-05-2022,696.15,685,693,667.85,678,674.25,681.96,7322668,4993782109,162772,3325702,45.42
BHARTIARTL,EQ,20-05-2022,674.25,688.5,691.5,683,686.45,687.9,686.98,5577407,3831558518,138276,3368561,60.4
BHARTIARTL,EQ,23-05-2022,687.9,681.8,693.9,679.6,686.4,685.85,687.99,3788601,2606528213,85546,1737159,45.85
BHARTIARTL,EQ,24-05-2022,685.85,689.25,689.25,675.85,680.05,678.2,679.99,4053608,2756396323,91794,2273307,56.08
BHARTIARTL,EQ,25-05-2022,678.2,681.25,689.9,679.55,688.15,688.2,684.58,4188088,2867094997,83203,2531964,60.46
BHARTIARTL,EQ,26-05-2022,688.2,690,695.5,675.9,694,693.65,686.11,5780597,3966106444,138732,2725058,47.14
BHARTIARTL,EQ,27-05-2022,693.65,697.05,700,676,685,684.4,687.84,7131633,4905405213,133134,3960723,55.54
BHARTIARTL,EQ,30-05-2022,684.4,687.45,703.75,683,696.1,699.05,696.04,4675033,3254009698,88950,1855831,39.7
BHARTIARTL,EQ,31-05-2022,699.05,697.5,706.6,692.6,704.9,700.2,700.16,44593174,31222384433,145892,27418855,61.49
BHARTIARTL,EQ,01-06-2022,700.2,701.55,706.2,691.25,695.2,694.65,697.2,3749781,2614354829,82070,2145613,57.22
BHARTIARTL,EQ,02-06-2022,694.65,688.9,696.95,683.05,696.45,695.95,691.34,3466993,2396864597,95791,1706805,49.23
BHARTIARTL,EQ,03-06-2022,695.95,697.05,700.8,685.25,686.9,686.5,689.19,6673615,4599395772,97259,4548374,68.15
BHARTIARTL,EQ,06-06-2022,686.5,682.2,689.8,676.5,684,682.95,684.27,6407024,4384162866,82541,4500013,70.24
BHARTIARTL,EQ,07-06-2022,682.95,678.15,687.25,673.3,686.55,685.3,680.42,8349903,5681429423,106285,5479365,65.62
BHARTIARTL,EQ,08-06-2022,685.3,682.5,687.8,660.45,664.9,663.3,674.4,13904149,9376899046,177650,9507508,68.38
BHARTIARTL,EQ,09-06-2022,663.3,660,679.4,655.1,677,676.35,670.14,6774925,4540157595,168782,3387908,50.01
BHARTIARTL,EQ,10-06-2022,676.35,668,676.45,668,672.6,673.35,673.6,3221484,2170002490,72166,1667578,51.76
BHARTIARTL,EQ,13-06-2022,673.35,660.1,673.35,658,671.9,671.3,666.38,5982102,3986323713,130518,3406433,56.94
BHARTIARTL,EQ,14-06-2022,671.3,669.1,689.4,669.1,683.4,682.05,679.53,8878530,6033199558,161507,4763834,53.66
BHARTIARTL,EQ,15-06-2022,682.05,681.95,685,673.5,681,682.1,680.41,6005970,4086541593,79681,3137307,52.24
BHARTIARTL,EQ,16-06-2022,682.1,683.1,683.9,650,653.5,654.2,662.01,9525587,6306016844,193065,5902709,61.97
BHARTIARTL,EQ,17-06-2022,654.2,656,661.75,638,643.95,643.65,646.81,11085830,7170431129,165091,6473791,58.4
BHARTIARTL,EQ,20-06-2022,643.65,644.95,647.45,634.2,643,640.9,638.61,3883001,2479725613,122687,1911932,49.24
BHARTIARTL,EQ,21-06-2022,640.9,642.1,658.15,640.5,652.75,654.3,651.71,3515991,2291395392,87152,1791464,50.95
BHARTIARTL,EQ,22-06-2022,654.3,648.6,650.35,641.45,642.8,642.85,645.62,4348884,2807724018,98080,2573004,59.16
BHARTIARTL,EQ,23-06-2022,642.85,648.15,664.6,647.75,660.8,660.2,658.18,4336533,2854209967,106603,1111967,38.37
BHARTIARTL,EQ,24-06-2022,660.2,662.1,675.7,662.1,670.4,671.2,671.36,5621332,3773945755,111357,3347008,59.54
BHARTIARTL,EQ,27-06-2022,671.2,675,687,671.2,686.3,683.95,679.55,5284297,3590917957,101118,3282272,62.11
BHARTIARTL,EQ,28-06-2022,683.95,683,684.9,676.3,682.55,681.15,681.22,3216376,2191048621,92823,1666869,51.82
BHARTIARTL,EQ,29-06-2022,681.15,677,689.1,675,686,687.8,685.11,5011798,3433644688,91137,3244403,64.74
BHARTIARTL,EQ,30-06-2022,687.8,689.8,691.6,679,684.9,684.95,684.22,6505666,4451313726,156632,3413811,52.47
BHARTIARTL,EQ,01-07-2022,684.95,684.85,685.8,666,673,673.45,673.71,4488771,3024148361,108098,2017633,44.95
BHARTIARTL,EQ,04-07-2022,673.45,670.5,685.5,666.05,682.1,681.9,676.84,4229588,2862736984,100740,2220875,52.51
BHARTIARTL,EQ,05-07-2022,681.9,683.3,689.3,680.05,683.65,684.45,685.18,3494504,2394377842,84562,2255874,64.55
BHARTIARTL,EQ,06-07-2022,684.45,684.5,694.95,684.2,693,693.95,691.08,4697006,3246029240,107259,2718776,57.88
BHARTIARTL,EQ,07-07-2022,693.95,692,696.5,685.45,687.1,686.8,690.23,3485283,2405645318,77723,1843085,52.88
BHARTIARTL,EQ,08-07-2022,686.8,688,696.6,686.65,694,695.15,692.38,2732170,1891701767,77053,1344299,49.2
BHARTIARTL,EQ,11-07-2022,695.15,675,681,658.95,659.55,660.55,663.41,18687521,12397434355,281987,10654510,57.01
BHARTIARTL,EQ,12-07-2022,660.55,663.25,666.9,660,661.55,663,663.6,7416645,4921672744,124318,4308313,58.09
BHARTIARTL,EQ,13-07-2022,663,670,670,641,646.7,643.5,652.01,12030163,7843736813,274249,7349520,61.09
BHARTIARTL,EQ,14-07-2022,643.5,650,652.2,628.75,642.9,641.65,641.29,11379990,7297906605,181878,6085778,53.48
BHARTIARTL,EQ,15-07-2022,641.65,648.95,657.5,643.25,651.55,651.8,652.92,5567877,3635354514,100184,1870083,33.59
BHARTIARTL,EQ,18-07-2022,651.8,657,670,649.15,668.05,663.05,659.12,8982417,5920500002,142338,5838012,64.99
BHARTIARTL,EQ,19-07-2022,663.05,675,677,663.1,671.85,672.9,671.39,7836419,5261274911,165094,3606005,46.02
BHARTIARTL,EQ,20-07-2022,672.9,680,680,668.2,671,670.65,672.24,4458819,2997399921,136376,2518356,56.48
BHARTIARTL,EQ,21-07-2022,670.65,671.5,679.95,671.2,677.2,678.35,677.09,3550107,2403751178,91102,2157754,60.78
BHARTIARTL,EQ,22-07-2022,678.35,679.7,681.9,675.2,678.3,678.85,678.5,2415220,1638724949,64403,1289838,53.4
BHARTIARTL,EQ,25-07-2022,678.85,680,686.55,676.55,677.5,678.4,682.02,2913348,1986958414,71656,1425663,48.94
BHARTIARTL,EQ,26-07-2022,678.4,682.6,685.35,670.25,683,684.1,680.03,5016687,3411478455,117064,2797863,55.77
BHARTIARTL,EQ,27-07-2022,684.1,683.95,683.95,669.7,675,674.9,676.08,6237523,4217047083,142550,3697884,59.28
BHARTIARTL,EQ,28-07-2022,674.9,678.8,679.4,664.2,667,666.85,669.38,7374170,4936146186,176742,4395414,59.61
BHARTIARTL,EQ,29-07-2022,666.85,672.8,680.65,671,677.95,677.95,675.86,7669970,5183792339,126658,5119496,66.75
BHARTIARTL,EQ,01-08-2022,677.95,677.95,697.8,677.05,697,694.45,689.84,8812526,6079249168,156698,5135360,58.27
BHARTIARTL,EQ,02-08-2022,694.45,700,700.3,681.15,686.05,686.8,688.22,6236599,4292121299,134319,3395244,54.44
BHARTIARTL,EQ,03-08-2022,686.8,688,696.85,687,691.3,693.15,691.43,5237250,3621178448,185219,2598416,49.61
BHARTIARTL,EQ,04-08-2022,693.15,698.2,698.5,680.7,693.1,694.3,690.62,6352142,4386901897,146389,3862857,60.81
BHARTIARTL,EQ,05-08-2022,694.3,698,710,696.35,703.5,703.65,704.55,5811092,4094194768,127764,2536073,43.64
BHARTIARTL,EQ,08-08-2022,703.65,707.95,709.85,699,704.95,704.35,704.45,5918607,4169362958,109974,3454229,58.36
BHARTIARTL,EQ,10-08-2022,704.35,713.9,718,706,715.1,715.25,712.14,12201239,8688970162,207238,6526445,53.49
BHARTIARTL,EQ,11-08-2022,715.25,718.8,719.4,705.7,709.1,709.8,711.25,7142902,5080400815,157513,4709764,65.94
BHARTIARTL,EQ,12-08-2022,709.8,709.85,712.5,706.65,710.5,709.7,709.39,4540159,3220761090,95422,3208778,70.68
